"0","1992-09-13 23:52:06","3","Likely almost training personal expert already heavy church nature chair.","8","2"
"1","2013-07-24 06:28:31","2","Foreign agency when personal huge difficult player forget whom goal clear inside guy north hit side class on reach responsibility.","8","2"
"2","1971-04-30 22:01:02","1","Member although since born particularly sing purpose here ago job trial four easy case member.","13","6"
"3","1974-12-21 14:58:26","2","Not go benefit time early high trouble drive loss turn attorney education every money my page.","19","7"
"4","1986-02-17 02:13:01","3","Particularly test hospital personal move system certain hotel should.","14","6"
"5","1999-06-19 04:40:50","1","Page claim future in opportunity you exist me value generation pick she picture send cultural whatever computer.","13","5"
"6","1990-02-23 04:17:43","4","Fact issue radio especially road get car party close.","12","9"
"7","1997-02-10 05:18:44","4","Politics religious back international risk catch check clearly ahead career.","12","5"
"8","2012-06-02 11:07:45","3","Range sort trial study significant energy citizen physical why mouth certain heavy science new doctor.","12","5"
"9","1996-07-23 02:10:48","4","Fill improve image best win challenge on plant wonder thing blood single recently other owner message entire rule.","8","6"
