"0","tamaramorrison@hotmail.com","pbkdf2:sha256:260000$1ZMcJzS3S9R3Udsh$7ec73738f8ee3a9e9039b40c30359068b96561ce6399b616df6c0620af508ac7","Gary","Cross","Before something first drug contain start almost wonder employee attorney quickly.","2133.19","False"
"1","qoliver@gmail.com","pbkdf2:sha256:260000$3MB7dAQAoBe1z1t0$99fcfa5ea02fcb7a204487a7060fc004a5e33503c6a931e90ee4c7365e75f800","Savannah","Robinson","Positive go Congress mean always beyond.","6410.25","True"
"2","olopez@gmail.com","pbkdf2:sha256:260000$0BbbmSxnCczLrd2R$0374df94122b7419f817e69e14a2089930a3186afbee4d203cab1f4e1641bd44","Melissa","Moore","Would I question first degree response able.","8656.78","False"
"3","hoffmantimothy@yahoo.com","pbkdf2:sha256:260000$FdQyTS5DWHfmirM2$c1fd7b7593c363c84a5040c60b7bb63ae03dd93f0f28c6a09da0cc5aa611ef1f","Chris","Cook","Buy break marriage also friend reach choose coach north south.","1424.8","False"
"4","michelle27@yahoo.com","pbkdf2:sha256:260000$9eWbj28XmSModhn6$f2680f6aeeafa9e04c6ce380d4aa8a0d9b1825bc6fbce2bb838e288d562f3f9d","Michele","Burgess","Too maybe off question source serious wrong section town deal.","8772.76","True"
"5","kristine10@gmail.com","pbkdf2:sha256:260000$6ncZ80KM47Al0jjv$147421841e0c2c34828990e450dfb4748687c0bf80f9a22ef53848426985ca1c","Paula","Henry","Too war project occur democratic behavior standard thousand single.","8580.53","True"
"6","kellybarnes@gmail.com","pbkdf2:sha256:260000$Tm08K5b6CXMPY1tg$17bef38acc8b88abf2d84a114ae0a99ffb61e018e83c42b832163de892821bcd","Ashley","Cooper","After back available inside nearly scientist central instead PM be know hard we.","947.48","True"
"7","audreyburton@hotmail.com","pbkdf2:sha256:260000$bD9kVm7nGUtJ6PYk$c534cae1c558a61699b3b6df8fa1a2c793d77269bb5ba65cfc41f4a99b14167a","Kelly","Perkins","Western myself scientist tough everything kind nothing case but building husband.","7666.17","True"
"8","brendawilliams@yahoo.com","pbkdf2:sha256:260000$rUCULaSiBKGsx0q4$dc8578cb2a08bb554ec8f1d909dfe5b5c73a9188d19bd3574a784336689d5421","Laura","Lee","Plan that hair sea quality do father beautiful.","8390.96","True"
"9","torresandrea@gmail.com","pbkdf2:sha256:260000$1sDoeh7DztJU6oxv$f16b145a7bc4f3294130b9f516ad8024d1aca1a26195903b430a6882d5bba53a","Erica","Bryant","Right answer speak without leave brother bank better she increase try key.","1263.54","True"
"10","shudson@gmail.com","pbkdf2:sha256:260000$sqEEJeThtyczKK3M$b2b19dc8538817c82a12ef483b435ac1a3a825b392290a028a23892290ccfc92","Ronnie","Allen","Staff service government opportunity pick too blue.","426.67","True"
"11","kmalone@gmail.com","pbkdf2:sha256:260000$c6sNmSZrG5ufdZfY$f0e86b7323cd7978bc8a4964b61673e79b8d6ecf516563e1989060452c0e5d91","Courtney","Valdez","Commercial may perform product style record bag down stock computer.","360.21","False"
"12","ramosmatthew@gmail.com","pbkdf2:sha256:260000$z187SIEkr9baleJL$1acebfadff0056697b5b10117b21924cfbd369b463d30eaa54485c34bad7d9ed","Vicki","Ballard","Travel professional production election partner audience very everything store morning as police.","9497.14","True"
"13","anthony04@gmail.com","pbkdf2:sha256:260000$z9J0eIui03Mm35We$b5fd40aa1a07ee967deb57aa8cf951c7082af919dd68dbf19bfa6b87cc423e79","Jonathan","Simon","Hit simple personal home they although let stop camera report foreign.","398.5","True"
"14","aaron11@yahoo.com","pbkdf2:sha256:260000$7biVPAWZl5lDKGT2$e59522073ef505738214f51fa03646670a26b45fcd8528d5bf0a25826454a88b","Joan","Hernandez","Now from her gun subject PM carry understand consumer by.","5535.77","False"
"15","sherryvilla@yahoo.com","pbkdf2:sha256:260000$J2UW6ufN9A8pc1IN$764f746290d963318ec99f3f66eb7e55d8d0b54fea3743dc53e83b7642d415bd","Scott","Baker","When personal huge difficult player forget whom goal clear inside guy north.","6332.72","False"
"16","katie80@gmail.com","pbkdf2:sha256:260000$nL4mveHT7kDaIaHC$b82815781aa1a091cba57f73d785f534dc327e856149bc8f7259f4cbe946ea54","Frank","Yates","Rich foot herself among necessary alone improve heart.","3410.44","False"
"17","adamsjessica@gmail.com","pbkdf2:sha256:260000$joijiAwPxhY6RCi6$33f325a09a4dc26060ddc8ae20f9e82dcd8dbb5b8aecde634267c61fd1bc762d","Victoria","Manning","Soldier action throughout stage lose board laugh.","9572.89","True"
"18","taylormichelle@hotmail.com","pbkdf2:sha256:260000$6PcnyDhpgioYXhVI$391b3f0bd4059b566b9e33b960e77e0dd5c887d6d0561319f44b69c9ac3e8cba","Derrick","Romero","Next according television next sense make real use nice themselves gas best above.","3713.63","True"
"19","whiteholly@gmail.com","pbkdf2:sha256:260000$ZI7mG7UhaDh2Txnh$4967e0caaa06b0147c789616736b1de0af5c097791a1e277c0b3533e53f1cd7b","William","Bray","Account movement can start paper tree.","1336.94","True"
"20","transusan@yahoo.com","pbkdf2:sha256:260000$A6hZHciFjcsNaatu$0c2bac0934e9b69eb05777cc772bd8b80c547eb2464554191f1d57403210ebac","Kathryn","Hansen","Drop local cell kid growth main use chance story range could.","8483.8","False"
"21","meghan71@gmail.com","pbkdf2:sha256:260000$XBgrAuUkaVHFgHJj$c46ae81b8ba9506dcd69c8ce6e29f71e671b10ecdce2fac6cf39d5cee203ced6","Ashley","Sheppard","Seem west hour less music throughout region.","348.51","False"
"22","mosesalison@yahoo.com","pbkdf2:sha256:260000$UPSy0Nvztiq8SfNJ$05b2f4ec00c71417692224177132a628b2c8709e464f9d8ca2c430d462f14ebe","Diana","Roberson","Role agency its professor while seven those budget involve all.","4456.33","True"
"23","john64@gmail.com","pbkdf2:sha256:260000$Qi7q3VZHqTPw1hvA$118e7aeee55925bc0bf82898ef03553f52f2dfade39f9ed1c43e8ebadf43f068","Sabrina","Parker","Point especially that product first natural.","4709.6","False"
"24","nicoleperkins@gmail.com","pbkdf2:sha256:260000$xhNXhvYgwsbFPavV$123b452f3c14f755f17a7fe335cc05e4ec195ce25e60ad75368ea14ba1eee482","Stacie","Warren","Model similar sometimes talk remember again leave toward current.","6750.21","True"
"25","emily93@gmail.com","pbkdf2:sha256:260000$AjbGSwU97KMD2cMi$7d51cd9d04634502284edca93a5034c7ac5b3cd70f7c7eca3142ea20e0a19e2a","Charles","Estrada","Enter cold cell our series mother treat structure.","7796.43","True"
"26","lesliewhitney@hotmail.com","pbkdf2:sha256:260000$0DY4gpTdaD6RedIT$22faa48e2ef5dc767f59c3195c013f5dcfc6b14fca77c8cbc8ce5de7fd5b1e9f","Seth","Cruz","With participant form time back sound city blue else resource part instead.","2605.77","True"
"27","millskimberly@gmail.com","pbkdf2:sha256:260000$9qr5iubLY8JwlIoy$2bdc564b36f2604385f92baccb7430a867cd244b72a102676136088c9eb5bd40","Nicholas","Phillips","Choice cell seven care yet well according star study.","5411.74","False"
"28","hector47@yahoo.com","pbkdf2:sha256:260000$bfj3b9i2IYnjJqjc$9f2678306179c195e8017e6cb07c80bf50297d18e58d82b10eec4117820475ac","David","Shaw","Ability possible door pressure sea thought raise suggest six claim analysis.","7868.67","False"
"29","haley65@hotmail.com","pbkdf2:sha256:260000$tTTvWW54fcUp4naN$bbecbd1f94db058e3b98cb11308bbd642d7475c8f080d93fa2cd7967e0c33c22","Michael","Davis","Approach trip throughout free civil entire result just nature increase.","7892.47","False"
"30","stephenbeck@yahoo.com","pbkdf2:sha256:260000$UBkBSBpJncmErlSP$1a000cf308efb4d8fc5f0dfc8ee5b0de693595f851b0f8b760fa4f43f31a1ee3","Leah","Bell","Push country glass evening much why design need assume.","6153.14","False"
"31","qhancock@hotmail.com","pbkdf2:sha256:260000$2Pta4qpebIzax5TP$59075ad8a72d4d1b92c910c81f5834baec65a5520884b1d53ac7d9e9126c76fb","Michael","Curry","Policy owner ahead generation shoulder day popular window key military deep according.","3876.58","True"
"32","maryevans@yahoo.com","pbkdf2:sha256:260000$9kkpkEiudsoFRtxG$ff8083f2a95ce58302fb54dab3829b01ac36f1c240848a115f038cd253769acd","Angela","Soto","Radio positive better management minute air represent.","9655.11","True"
"33","pjohnson@yahoo.com","pbkdf2:sha256:260000$7sTRWEDB3jEDTpOU$72a51f64fd9eedd189d7e7705e9cd5eba5aa8f7e671d56b94f31d767cb24af14","Joshua","Anderson","Since experience perform interest particularly notice military civil account blood his either machine likely.","8444.51","False"
"34","amy76@gmail.com","pbkdf2:sha256:260000$LVKh6XIq6YklPwvS$1071d44132e887d7509afbbc3d568d61efb7f02af4cd7580dae340cdacb9399c","Mark","Davis","Blue right fine boy sing threat.","1677.69","True"
"35","mrichardson@hotmail.com","pbkdf2:sha256:260000$VScq4EVo6s9IE4DN$0675d191d88bf7900ccdf3c35b2114309c8a1c559f95dc68480dcd7dc8bf05f5","Christopher","Koch","Make capital because million public network.","4570.26","False"
"36","penavanessa@hotmail.com","pbkdf2:sha256:260000$6bxU2hpz8KBCIYfs$d2eda5cf8742e152c8e8341a4339496f2e1261da0a50710eeb1626854e4bcb2c","Jeffrey","Alexander","Conference however find most city citizen to produce list run safe.","5001.38","True"
"37","smithjonathan@hotmail.com","pbkdf2:sha256:260000$z1XAk02ZXvbxFsLE$d4f9a6a0fb82e7dc85eea7948b54b7f9e5a1f2ae6452f8ca9a87994dd7837799","Katie","Johnson","Present carry break majority low call whole stage.","668.22","True"
"38","brandycardenas@gmail.com","pbkdf2:sha256:260000$Sb2kRmCffDT006b0$684a87a50a0c24560242ebece9f8a055d6f134fe8914f5f103058ea12716ad28","Vanessa","Fuentes","Send through law national last people friend state half sign admit hair.","7862.29","True"
"39","tracysosa@yahoo.com","pbkdf2:sha256:260000$kJBnmYHRP34BeFgB$c859ba404a5d6b9cb28dc04aae8864f102da3da7c1c1a55db4dc703ea7153a3d","Rhonda","Vaughan","Remember rich yeah simple guess member hour movement time benefit.","2125.64","False"
"40","kyle03@hotmail.com","pbkdf2:sha256:260000$RiNlFDdV3X6D0yXz$140c1ef0c9c4675b226bb339c6b413062813cb7052b0bfa6396e6d22be72234e","Rhonda","Marshall","Police college newspaper little drive require time to black.","6207.95","False"
"41","qvalenzuela@yahoo.com","pbkdf2:sha256:260000$gpaSGQI9Xbm0sEb7$58986e6741fff19417fb19447e147774a6326506efd72171497085269b37f97b","Robert","Cuevas","Adult range true even matter remember body keep body.","7459.67","True"
"42","richard56@yahoo.com","pbkdf2:sha256:260000$snd79l6QLI8sBPaf$22ca50f5b1f9fc5d99f6b9ebe42b0b916b707e474a3800f1344d9bb3e5ec7a03","Daniel","Cortez","Degree training level federal investment science.","2126.22","True"
"43","brownmatthew@gmail.com","pbkdf2:sha256:260000$RHivDyUXJUkLg83p$ed14d0eef5ddaa681a87c4b0c5c822b919542f5dfdae9c9ec568ddbd4e235287","Sara","Davis","Unit operation foreign loss manage each the arrive former within.","9180.35","True"
"44","lauren24@gmail.com","pbkdf2:sha256:260000$A13fKehQJlsT5CaX$621438f295fa297d52d8d8e7b56e99face61edddb4b02302180b96ecc6b8897b","Shannon","Rivera","Good her few eight your still ten.","453.85","False"
"45","michaelcummings@hotmail.com","pbkdf2:sha256:260000$OQoKu4giHenF3MWd$c2baac415cfb5c2a0d9cf2ac50eac06b9955480a1abae574f5b759da8055cae8","Sarah","Aguirre","Across do issue let spend compare of Mrs possible add analysis.","1489.16","True"
"46","kevinflores@gmail.com","pbkdf2:sha256:260000$zjfhI62QIAoTGtX9$d0e4a8886e14b78f8e24aef332ae4ee8f3c1946c8938043e1e576259c2cb9119","Rebecca","Rodriguez","People conference indicate actually small case middle resource project establish indicate very.","982.96","False"
"47","hinesmisty@gmail.com","pbkdf2:sha256:260000$4WS80P0ci3g8JV2P$28ea0185c2826397cc77d8293671ba5df8a07fe945a8165ad5863d0764f1ef09","Zachary","Conner","Blue walk water while woman travel not identify score model dinner simply clear prepare.","1911.68","False"
"48","edwardsryan@gmail.com","pbkdf2:sha256:260000$2NvphVjW4B1a2PNO$6532914f177de6266384b0ce420d8bf256c1d03045b877a2480416f7bfab783d","Albert","Oconnor","Anything trial factor culture pretty drug north.","3653.85","True"
"49","joann59@hotmail.com","pbkdf2:sha256:260000$620GfN3NQHdSkXgD$42744f44051643450622c2a36d416d9312b9ae9dd02d114f19114170235fe259","Molly","Mendez","Environment land trouble staff follow baby job game according board whole resource.","9647.13","False"
"50","luis49@hotmail.com","pbkdf2:sha256:260000$L1gkXcxOZ76b7QTs$f81787030c72fcbba4d90b371876cf327c36f2d6f39e3e15047727c36b1c1bee","Michael","Goodman","World give after large performance grow.","4826.88","True"
"51","taylorterri@yahoo.com","pbkdf2:sha256:260000$wcWdBScIxIuY6euo$241e1ffe0c129033e36561196e2744ab7f83823adebeedddad35897517a412c5","Wesley","Harris","Affect some various watch choice cause natural imagine.","306.47","True"
"52","richardharding@yahoo.com","pbkdf2:sha256:260000$UOMvuzJJzDfsXMgS$ee8aab7d14c15650dc34fc855f41e071d6688d9ba2a2cb220d2695656a2be222","Mr.","Riddle","Work upon article compare television fly mean last offer hope responsibility.","4185.2","True"
"53","gutierrezmatthew@hotmail.com","pbkdf2:sha256:260000$UjqHgG7VzyABXw40$92f4f1226d23986fd861cad3c05f3496d537601ba6b9c0e7dd5826a05f5c45d4","Melissa","Coleman","Personal sure whether visit speak ahead rock parent some three onto director.","6967.53","False"
"54","nancyturner@hotmail.com","pbkdf2:sha256:260000$qndOqHl0zM54wBp3$035f494c2adb96a7e94170ba9fe1bc2bc5a2734280686921413e08a434a74167","Richard","Woodward","Hot chance foot candidate case research approach.","7808.7","False"
"55","baileylinda@hotmail.com","pbkdf2:sha256:260000$fSCbcA1yHQqAzbo6$2a49d7b81a2fc34d4c5641e8e56e082c86a81f354ab42d293d95dd5dee025bdb","Robert","Simmons","Ready the theory moment better of music defense ok still beyond Congress television.","9087.3","False"
"56","myersjames@hotmail.com","pbkdf2:sha256:260000$G0r0HhTmNnvbEKpg$d5dd7fb86adbccca460b9a7d8b426f2c896cf068461e3232b0d097c21fbda8c5","Brian","Ortiz","Indeed four interview return American under.","9380.75","False"
"57","susan41@hotmail.com","pbkdf2:sha256:260000$8P34eS9Ouqj3mItZ$633a28224d65f992112254a416917193bc372944a74d22143f650478f1fa700c","William","Edwards","One sort blue since long economic tough also money system involve require region.","3256.38","False"
"58","whitakersean@hotmail.com","pbkdf2:sha256:260000$0u7IrIvYPkvHacjU$59e02f3d4536e451fe707005886dd12db37a405dd9c0f1a42b3c3b6e02715911","Paul","Bowen","Impact network alone culture exist deal area hand room himself already person.","3391.57","True"
"59","jmcmahon@gmail.com","pbkdf2:sha256:260000$DbrT8bqtZnODW7Ve$3aff0137205150b7e93b7a2c2e003143f7c827ace48d85a5c0e3637fdc9250bc","Helen","Montgomery","Available include there floor run bag should partner lay cover majority.","6879.6","False"
"60","kgill@gmail.com","pbkdf2:sha256:260000$dQe1egF4UvzgceOy$bf53336185d1403e1cb13689d7492e0afe8343357e4384b78e3f12a34d8adfcb","Anthony","Buck","Traditional probably article last forward position article probably.","785.7","False"
"61","gregorymontgomery@hotmail.com","pbkdf2:sha256:260000$ON5EXdQLIFu8fbco$bbf3e908adfa4f21c2d4db8d1ac78f886fb14393ea6a1b0864d90a92005b9420","Stephanie","Garza","What may simple around ground left north while measure.","7252.25","True"
"62","jsalas@hotmail.com","pbkdf2:sha256:260000$vJozwVvVO47poXiQ$9d19db2326169ef2f42006c61018fc197b0e73a91df3c151a23137303415cc31","Randall","Ponce","Admit live down daughter trip white treat cup.","6086.0","True"
"63","roger00@hotmail.com","pbkdf2:sha256:260000$KTp5W8syTqf56DCP$b2ea17dc74320935dbd8aba257fcee5d5fe4c89f4cdd8eda9a281e01327f15e8","Aaron","Callahan","Him dog onto movement we window single there reality size.","8741.68","False"
"64","jacksonmorris@hotmail.com","pbkdf2:sha256:260000$iDvgmaKeoBC1M6bu$7b8a3f89e59fa0a8d1abb516a029df55399f9310c4b83fb2b2a587035dcfba3b","Edward","Ochoa","Late surface concern law enough information which join article throughout.","8051.43","False"
"65","edward63@gmail.com","pbkdf2:sha256:260000$AdFXq5fCoVGbLATR$c3ecf1be1f76ebf7b7cd718f301d2a342f9da229000f9f53318e22470c755c80","Michael","Mejia","Page strong term main feeling bag season short research despite approach beautiful late.","5108.63","True"
"66","rhernandez@gmail.com","pbkdf2:sha256:260000$QL3T0ZQ1am2K1Buq$f651292f6683888e7f4ce279e104384a6e83540085166ee75ea2670e4667bb7b","Kevin","Hansen","Congress step you thought PM charge or put upon rather claim.","622.15","True"
"67","amartin@yahoo.com","pbkdf2:sha256:260000$ow8FHhF7l4YQWMF2$d8d014040020446afa2b87bab6367d0d64d8caa1db83737b2744d28fd20c7ad9","Richard","Stewart","Push arrive body modern bit no responsibility peace.","154.23","True"
"68","qgordon@gmail.com","pbkdf2:sha256:260000$TAsbUA5yfweENd1x$e88e25b2f8e289574eb4aac7ef9a37a3d7613a86699c7821fd0dd5b273c9cfdd","Corey","Ray","Strategy seem first return everybody almost hospital realize.","3991.24","True"
"69","jeremy70@yahoo.com","pbkdf2:sha256:260000$8232p1Uh7icPQ9aR$c85a1858cf8b3e5507da91c8aac39a74a93ee4038f49158cf9cf28ac51c68621","Olivia","Meyers","Among fly firm clear foot yard make available size worry TV.","9994.98","True"
"70","marydaniel@yahoo.com","pbkdf2:sha256:260000$3AVxekbF0LP71nDl$8a279bab8823254ad960d564ac623d19fa24ccd55d18f0091f2b27031db075c8","Tonya","Jacobs","Maybe significant mention detail enough suddenly office without some effort red.","5444.67","True"
"71","lreed@yahoo.com","pbkdf2:sha256:260000$onm8oxZjtmKzbqcY$56413fe80766679bde680ba3c877ab24de739f074b4cdf65e561078fb4144cad","Brandon","Phillips","Increase discuss health stop law you well.","4252.76","False"
"72","stevenhartman@gmail.com","pbkdf2:sha256:260000$jPL11h1FCSakE4Wa$d1cc60fe4bb19d11c8c3ffa8122879dbe3072e2cfefaa21e6c80ca7d61ffb2de","Lori","Roberts","Several home yard give film question record heavy.","6699.93","False"
"73","opark@gmail.com","pbkdf2:sha256:260000$WPd0LIZIVlNZnFCj$a35ada24bc9e0f3e1f7af591e949c30cafd308c3123abc78f9a6878757b930d1","Charles","Beck","Social perform run firm best character strong manager conference least money.","7876.16","False"
"74","kelly65@hotmail.com","pbkdf2:sha256:260000$K3YYSbbYQL79o1ab$847316602bd44eb430946f6973d0b0a1c85c71769af91f644e90058d0beb5831","Blake","Williams","Talk some third positive certain available car more low one knowledge resource much practice.","6355.1","False"
"75","claytonperry@yahoo.com","pbkdf2:sha256:260000$Jlcx8Krs4JOH5EqF$2428481296aa864309dd43fb4af30f1c88433bbb466dc6ac5e11cf33b0e020b2","Kevin","Edwards","Law much modern condition a through use admit child thing number beat.","8559.32","False"
"76","nicole92@hotmail.com","pbkdf2:sha256:260000$MQvrsvv138orjcdp$53dc3e331057bb0a20254ba91339e1a78d527174197c8453002c0f25a239fd23","Erin","Williams","Total black budget certain choose own father budget election magazine south.","3645.34","True"
"77","alexandramitchell@gmail.com","pbkdf2:sha256:260000$p9gTuqihFZkh4OJ4$be5c2a760072d1756dc56724224cad34b881fba0be47f46eb8c5c7761f2bb860","Matthew","DDS","Push film image seem rule until rich risk him decision walk account bill.","8251.89","True"
"78","nathanielhull@yahoo.com","pbkdf2:sha256:260000$SqxuxVafphWCb7oN$208a6fdc0c7b0f912fb073fb242ea634149ef57b97091116c7b7d4b73d26867e","Teresa","Robinson","Describe fact hit fund room provide upon summer during.","7496.24","True"
"79","erik12@yahoo.com","pbkdf2:sha256:260000$qZRoEtzSQhI1juhK$bb1e449b5b9a56a4edec8cd9831551b725d290b8b73a691c34ebcbb27d6aa3ff","Tonya","Mckee","Thank boy find ever community project.","3397.5","True"
"80","jesseedwards@gmail.com","pbkdf2:sha256:260000$xsXCfc1agyhh35oS$b75b7be1f81a38ed02ef1100978df440d52ec1d39801d95726edc0e7c88a9a2d","Justin","Anderson","True ability themselves right anyone until.","1499.39","False"
"81","elizabethdavis@hotmail.com","pbkdf2:sha256:260000$Wt5RVipSutFRyRC6$0927189ee06991c7a52a20201d1ba10cb0453ffc7e113c0620b805af1432f159","Jason","Butler","Field eight member want affect can.","3831.1","True"
"82","robertsims@gmail.com","pbkdf2:sha256:260000$rmeJJQdMY2lkBLi1$64c6971fa5d15079ccaee842bc17fb8683eaa6ee1b4fee1b6fa3ac2fb66a0a0f","Michele","Stafford","Sell statement deal style fish future property them radio.","4755.24","True"
"83","lauren86@hotmail.com","pbkdf2:sha256:260000$Y4HBOHIb704jyxzS$597b3d9c232796c0d28760d32b943b303b16127bdcd1e7ea612185e8e9ff4c00","Aaron","Powell","Hot audience machine admit culture culture final might.","1500.62","True"
"84","williamsmichelle@yahoo.com","pbkdf2:sha256:260000$x12psu5ZDMvXNr7R$341a327a2b25a3bd2494e506fea47d6d424f1b36bc19bb6cc2b6f3ec0d2b176d","Heather","Wright","Second listen western treatment early wait agency change should event trouble image wind.","4323.2","True"
"85","ojohnson@yahoo.com","pbkdf2:sha256:260000$FExMjgabxs3WLDvG$47d3aec0db1886c4b94e6648fd7c5c5a654291d776e14fc4901cea01ee9df79c","Crystal","Williams","Sort quality author somebody car boy.","3479.13","False"
"86","udavila@hotmail.com","pbkdf2:sha256:260000$7UiVCWnY2aTkIWcE$be7eac9d40f50023daee446e6645d3e1897c47baac5b78e5abef299ef189bfaf","Thomas","Horn","Measure use education too nor book list fire develop skin.","2757.54","False"
"87","kelly10@yahoo.com","pbkdf2:sha256:260000$iPzz9haSXvXgB1I8$68552b7048f3e5e0fc5d3df3e549eb69d85c73f62d1ad5c61f50d9e4b18c0f37","Philip","Figueroa","Always response long star street line loss morning pretty live whether.","4514.79","False"
"88","robertsonnancy@hotmail.com","pbkdf2:sha256:260000$DqKk59F51Prq8lPv$8cf30de1ec0b51a97a6398f02fd67f254887dc78a135d0ff78b30c3e2293b193","Gabriel","Mcgee","Against carry someone west their free baby opportunity environmental.","2371.44","False"
"89","zball@gmail.com","pbkdf2:sha256:260000$WtTaOS7piKziJbdl$0803caaf70cfed55b34dbe49208f1d28bc1bd77313abeac18857749a47fb7351","Jake","Bishop","Along son make time since meet news economic.","8045.96","True"
"90","hannahlopez@hotmail.com","pbkdf2:sha256:260000$8QXOhsLiOEfHLZfd$590f13d7d02dabbdc85c13118d0a6a117616786a7f3e8270e7c2e8e7abae575e","Andrew","Tran","Start class send affect economy be later everybody think American several.","533.79","False"
"91","robertalexander@hotmail.com","pbkdf2:sha256:260000$XcVDhEdq2vJT65xB$d17aa9df0ca93de49d85c7201e0a696adb1eb9d6dea9472cdf7e2d077ddec4a0","Mark","Ingram","Provide blue manage player administration choose population appear remember care its someone point.","3351.21","False"
"92","mcdanieljeremy@gmail.com","pbkdf2:sha256:260000$58F0magn3kPe5VQB$d7b8ca4088bc39c76e3f3aa5aa53af15b93640e0a77a67abd99984953cfbe13d","Douglas","Johnson","Charge notice practice should size center pretty else pass.","9360.58","True"
"93","kevinstone@gmail.com","pbkdf2:sha256:260000$EECOQbE9dqaPBKvN$c87770b64cfe1f203f8de367bdfe97b3cc135e233b84d16ff3069639c3e24372","Belinda","Kirby","Whom free smile notice customer bring marriage dark hour amount.","7119.7","True"
"94","brianramos@gmail.com","pbkdf2:sha256:260000$JcdFHsh9jd08VUjo$baa93f381c62d5cfd30f122a49bb3547feb6f5df0fc28c390dd190c6fa844c42","Tyler","Mahoney","Too laugh door list window that.","5237.86","True"
"95","erin00@gmail.com","pbkdf2:sha256:260000$RkWinHc9plS86WdC$e66449f4a44a47610230a6fe0b85f2d24712279e2b7f9c7c123799723eb4ed48","Jeffrey","West","Dark deal among position onto control nearly evidence something really.","8082.88","False"
"96","mallory01@gmail.com","pbkdf2:sha256:260000$Xergi2Xzs5gtRnYj$4801cfa9d3ac950f1549458a8d6da14809ed781daf3bf73e7381011dcd5d8086","Manuel","Fletcher","Take body suggest ten machine company many.","403.68","False"
"97","ryan03@hotmail.com","pbkdf2:sha256:260000$LeRTwZGRAWz0V7sV$102b0b67e198d9ebcd6c7e4239b5a6d0d7aa5bbd43eccfccfd50b40860d2c92b","Tyrone","Howe","Television conference staff discover society ready left hotel thank Democrat one could.","1454.12","False"
"98","donaldsonjamie@gmail.com","pbkdf2:sha256:260000$8k9PMt3p997x2Bvj$444352e7c71d16b81f485627e6a4f22fe8060d453fd3a62e3e40e70cd18b8ff8","Mark","Long","Authority probably design pressure so tough.","6088.68","True"
"99","zachary15@yahoo.com","pbkdf2:sha256:260000$0D3nCkmrIe9QrPbj$f117b5c0be45a9fce14a1f1db2e6a7a292eb43ac9aa77c1e0a40fe1ed7513197","Elizabeth","Mcbride","Word be water career whatever ten far available baby cause onto worker mother other.","2128.71","True"
